,,,,,,,Clinet,,,,,,,,,,,,,,,,,,,,,,,,,,,,,,,,,,
ID,_Desc,MainType,DetailType,ItemGrade,EquipSlot,Remove,Order,NameID,DescID,SkinID,ActorID,IconPath,abil_1,abil_value_1,abil_2,abil_value_2,abil_3,abil_value_3,abil_4,abil_value_4,equip_abil_1,equip_abil_value_1,equip_abil_2,equip_abil_value_2,equip_abil_3,equip_abil_value_3,equip_abil_4,equip_abil_value_4,EnchantID_Item,EnchantID_Knight,combine_linkID,combine_cost,Stackable,BreakthroughID,SkinOptionID,IsUse,GachaItemID,EnchantID_Chivalry,Price_AssetType,Price_AssetValue,AttackSkillID
10101001,Wea_Wea_Magic_8,Weapon,Weapon,Magic,Weapon,FALSE,1,WeaponName_10101001,WeaponName_10101001,,,Atlas/Equip_Sword/sword_0,,,,,,,,,Damage,10,,,,,,,10101001,,10101002,5,TRUE,,,,,,,,"[10101,10102,10103]"
10101002,Wea_Wea_Magic_7,Weapon,Weapon,Magic,Weapon,FALSE,2,WeaponName_10101002,WeaponName_10101002,,,Atlas/Equip_Sword/sword_1,,,,,,,,,Damage,15,,,,,,,10101002,,10101003,5,TRUE,,,,,,,,"[10201,10202,10203]"
10101003,Wea_Wea_Magic_6,Weapon,Weapon,Magic,Weapon,FALSE,3,WeaponName_10101003,WeaponName_10101003,,,Atlas/Equip_Sword/sword_2,,,,,,,,,Damage,20,,,,,,,10101003,,10101004,5,TRUE,,,,,,,,"[10301,10302,10303]"
10101004,Wea_Wea_Magic_5,Weapon,Weapon,Magic,Weapon,FALSE,4,WeaponName_10101004,WeaponName_10101004,,,Atlas/Equip_Sword/sword_3,,,,,,,,,Damage,25,,,,,,,10101004,,10101005,5,TRUE,,,,,,,,"[10401,10402,10403]"
10101005,Wea_Wea_Magic_4,Weapon,Weapon,Magic,Weapon,FALSE,5,WeaponName_10101005,WeaponName_10101005,,,Atlas/Equip_Sword/sword_4,,,,,,,,,Damage,30,,,,,,,10101005,,10101006,5,TRUE,,,,,,,,"[10101,10102,10103]"
10101006,Wea_Wea_Magic_3,Weapon,Weapon,Magic,Weapon,FALSE,6,WeaponName_10101006,WeaponName_10101006,,,Atlas/Equip_Sword/sword_5,,,,,,,,,Damage,35,,,,,,,10101006,,10101007,5,TRUE,,,,,,,,"[10101,10102,10103]"
10101007,Wea_Wea_Magic_2,Weapon,Weapon,Magic,Weapon,FALSE,7,WeaponName_10101007,WeaponName_10101007,,,Atlas/Equip_Sword/sword_6,,,,,,,,,Damage,40,,,,,,,10101007,,10101008,5,TRUE,,,,,,,,"[10101,10102,10103]"
10101008,Wea_Wea_Magic_1,Weapon,Weapon,Magic,Weapon,FALSE,8,WeaponName_10101008,WeaponName_10101008,,,Atlas/Equip_Sword/sword_7,,,,,,,,,Damage,45,,,,,,,10101008,,10102001,5,TRUE,,,,,,,,"[10101,10102,10103]"
10102001,Wea_Wea_Rare_8,Weapon,Weapon,Rare,Weapon,FALSE,9,WeaponName_10102001,WeaponName_10102001,,,Atlas/Equip_Sword/sword_8,,,,,,,,,Damage,100,,,,,,,10102001,,10102002,5,TRUE,,,,,,,,"[10101,10102,10103]"
10102002,Wea_Wea_Rare_7,Weapon,Weapon,Rare,Weapon,FALSE,10,WeaponName_10102002,WeaponName_10102002,,,Atlas/Equip_Sword/sword_9,,,,,,,,,Damage,108,,,,,,,10102002,,10102003,5,TRUE,,,,,,,,"[10101,10102,10103]"
10102003,Wea_Wea_Rare_6,Weapon,Weapon,Rare,Weapon,FALSE,11,WeaponName_10102003,WeaponName_10102003,,,Atlas/Equip_Sword/sword_10,,,,,,,,,Damage,116,,,,,,,10102003,,10102004,5,TRUE,,,,,,,,"[10101,10102,10103]"
10102004,Wea_Wea_Rare_5,Weapon,Weapon,Rare,Weapon,FALSE,12,WeaponName_10102004,WeaponName_10102004,,,Atlas/Equip_Sword/sword_11,,,,,,,,,Damage,124,,,,,,,10102004,,10102005,5,TRUE,,,,,,,,"[10101,10102,10103]"
10102005,Wea_Wea_Rare_4,Weapon,Weapon,Rare,Weapon,FALSE,13,WeaponName_10102005,WeaponName_10102005,,,Atlas/Equip_Sword/sword_12,,,,,,,,,Damage,132,,,,,,,10102005,,10102006,5,TRUE,,,,,,,,"[10101,10102,10103]"
10102006,Wea_Wea_Rare_3,Weapon,Weapon,Rare,Weapon,FALSE,14,WeaponName_10102006,WeaponName_10102006,,,Atlas/Equip_Sword/sword_13,,,,,,,,,Damage,140,,,,,,,10102006,,10102007,5,TRUE,,,,,,,,"[10101,10102,10103]"
10102007,Wea_Wea_Rare_2,Weapon,Weapon,Rare,Weapon,FALSE,15,WeaponName_10102007,WeaponName_10102007,,,Atlas/Equip_Sword/sword_14,,,,,,,,,Damage,148,,,,,,,10102007,,10102008,5,TRUE,,,,,,,,"[10101,10102,10103]"
10102008,Wea_Wea_Rare_1,Weapon,Weapon,Rare,Weapon,FALSE,16,WeaponName_10102008,WeaponName_10102008,,,Atlas/Equip_Sword/sword_15,,,,,,,,,Damage,156,,,,,,,10102008,,10103001,5,TRUE,,,,,,,,"[10101,10102,10103]"
10103001,Wea_Wea_Hero_8,Weapon,Weapon,Hero,Weapon,FALSE,17,WeaponName_10103001,WeaponName_10103001,,,Atlas/Equip_Sword/sword_16,,,,,,,,,Damage,400,Damage_Rate,0.004,,,,,10103001,,10103002,5,TRUE,,,,,,,,"[10101,10102,10103]"
10103002,Wea_Wea_Hero_7,Weapon,Weapon,Hero,Weapon,FALSE,18,WeaponName_10103002,WeaponName_10103002,,,Atlas/Equip_Sword/sword_17,,,,,,,,,Damage,410,Damage_Rate,0.032,,,,,10103002,,10103003,5,TRUE,,,,,,,,"[10101,10102,10103]"
10103003,Wea_Wea_Hero_6,Weapon,Weapon,Hero,Weapon,FALSE,19,WeaponName_10103003,WeaponName_10103003,,,Atlas/Equip_Sword/sword_18,,,,,,,,,Damage,420,Damage_Rate,0.06,,,,,10103003,,10103004,5,TRUE,,,,,,,,"[10101,10102,10103]"
10103004,Wea_Wea_Hero_5,Weapon,Weapon,Hero,Weapon,FALSE,20,WeaponName_10103004,WeaponName_10103004,,,Atlas/Equip_Sword/sword_19,,,,,,,,,Damage,430,Damage_Rate,0.088,,,,,10103004,,10103005,5,TRUE,,,,,,,,"[10101,10102,10103]"
10103005,Wea_Wea_Hero_4,Weapon,Weapon,Hero,Weapon,FALSE,21,WeaponName_10103005,WeaponName_10103005,,,Atlas/Equip_Sword/sword_20,,,,,,,,,Damage,440,Damage_Rate,0.116,,,,,10103005,,10103006,5,TRUE,,,,,,,,"[10101,10102,10103]"
10103006,Wea_Wea_Hero_3,Weapon,Weapon,Hero,Weapon,FALSE,22,WeaponName_10103006,WeaponName_10103006,,,Atlas/Equip_Sword/sword_21,,,,,,,,,Damage,450,Damage_Rate,0.144,,,,,10103006,,10103007,5,TRUE,,,,,,,,"[10101,10102,10103]"
10103007,Wea_Wea_Hero_2,Weapon,Weapon,Hero,Weapon,FALSE,23,WeaponName_10103007,WeaponName_10103007,,,Atlas/Equip_Sword/sword_22,,,,,,,,,Damage,460,Damage_Rate,0.172,,,,,10103007,,10103008,5,TRUE,,,,,,,,"[10101,10102,10103]"
10103008,Wea_Wea_Hero_1,Weapon,Weapon,Hero,Weapon,FALSE,24,WeaponName_10103008,WeaponName_10103008,,,Atlas/Equip_Sword/sword_23,,,,,,,,,Damage,470,Damage_Rate,0.2,,,,,10103008,,10104001,5,TRUE,,,,,,,,"[10101,10102,10103]"
10104001,Wea_Wea_Legend_4,Weapon,Weapon,Legend,Weapon,FALSE,25,WeaponName_10104001,WeaponName_10104001,,,Atlas/Equip_Sword/sword_24,,,,,,,,,Damage,950,Damage_Rate,0.21,,,,,10104001,,10104002,5,TRUE,,,,,,,,"[10101,10102,10103]"
10104002,Wea_Wea_Legend_3,Weapon,Weapon,Legend,Weapon,FALSE,26,WeaponName_10104002,WeaponName_10104002,,,Atlas/Equip_Sword/sword_25,,,,,,,,,Damage,965,Damage_Rate,0.28,,,,,10104002,,10104003,5,TRUE,,,,,,,,"[10101,10102,10103]"
10104003,Wea_Wea_Legend_2,Weapon,Weapon,Legend,Weapon,FALSE,27,WeaponName_10104003,WeaponName_10104003,,,Atlas/Equip_Sword/sword_26,,,,,,,,,Damage,980,Damage_Rate,0.35,,,,,10104003,,10104004,5,TRUE,,,,,,,,"[10101,10102,10103]"
10104004,Wea_Wea_Legend_1,Weapon,Weapon,Legend,Weapon,FALSE,28,WeaponName_10104004,WeaponName_10104004,,,Atlas/Equip_Sword/sword_27,,,,,,,,,Damage,995,Damage_Rate,0.42,,,,,10104004,,10105001,5,TRUE,,,,,,,,"[10101,10102,10103]"
10105001,Wea_Wea_Ancient_4,Weapon,Weapon,Ancient,Weapon,FALSE,29,WeaponName_10105001,WeaponName_10105001,,,Atlas/Equip_Sword/sword_28,,,,,,,,,Damage,2500,Damage_Rate,0.4,,,,,10105001,,10105002,5,TRUE,,,,,,,,"[10101,10102,10103]"
10105002,Wea_Wea_Ancient_3,Weapon,Weapon,Ancient,Weapon,FALSE,30,WeaponName_10105002,WeaponName_10105002,,,Atlas/Equip_Sword/sword_29,,,,,,,,,Damage,2515,Damage_Rate,0.5,,,,,10105002,,10105003,5,TRUE,,,,,,,,"[10101,10102,10103]"
10105003,Wea_Wea_Ancient_2,Weapon,Weapon,Ancient,Weapon,FALSE,31,WeaponName_10105003,WeaponName_10105003,,,Atlas/Equip_Sword/sword_30,,,,,,,,,Damage,2530,Damage_Rate,0.6,,,,,10105003,,10105004,5,TRUE,,,,,,,,"[10101,10102,10103]"
10105004,Wea_Wea_Ancient_1,Weapon,Weapon,Ancient,Weapon,FALSE,32,WeaponName_10105004,WeaponName_10105004,,,Atlas/Equip_Sword/sword_31,,,,,,,,,Damage,2545,Damage_Rate,0.7,,,,,10105004,,10106001,5,TRUE,,,,,,,,"[10101,10102,10103]"
10106001,Wea_Wea_God_4,Weapon,Weapon,God,Weapon,FALSE,33,WeaponName_10106001,WeaponName_10106001,,,Atlas/Equip_Sword/sword_32,,,,,,,,,Damage,5500,Damage_Rate,0.7,,,,,10106001,,10106002,5,TRUE,10106001,,,,,,,"[10101,10102,10103]"
10106002,Wea_Wea_God_3,Weapon,Weapon,God,Weapon,FALSE,34,WeaponName_10106002,WeaponName_10106002,,,Atlas/Equip_Sword/sword_33,,,,,,,,,Damage,5650,Damage_Rate,0.85,,,,,10106002,,10106003,5,TRUE,10106002,,,,,,,"[10101,10102,10103]"
10106003,Wea_Wea_God_2,Weapon,Weapon,God,Weapon,FALSE,35,WeaponName_10106003,WeaponName_10106003,,,Atlas/Equip_Sword/sword_34,,,,,,,,,Damage,5800,Damage_Rate,1,,,,,10106003,,10106004,5,TRUE,10106003,,,,,,,"[10101,10102,10103]"
10106004,Wea_Wea_God_1,Weapon,Weapon,God,Weapon,FALSE,36,WeaponName_10106004,WeaponName_10106004,,,Atlas/Equip_Sword/sword_35,,,,,,,,,Damage,6000,Damage_Rate,1.15,,,,,10106004,,,,TRUE,10106004,,,,,,,"[10101,10102,10103]"
10201001,Def_Arm_Magic_8,Defence,Armor,Magic,Armor,FALSE,1,ArmorName_10201001,ArmorName_10201001,,,Atlas/Equip_Armor/armor_0,,,,,,,,,Defence,15,,,,,,,10201001,,10201002,5,TRUE,,,,,,,,
10201002,Def_Arm_Magic_7,Defence,Armor,Magic,Armor,FALSE,2,ArmorName_10201002,ArmorName_10201002,,,Atlas/Equip_Armor/armor_1,,,,,,,,,Defence,25,,,,,,,10201002,,10201003,5,TRUE,,,,,,,,
10201003,Def_Arm_Magic_6,Defence,Armor,Magic,Armor,FALSE,3,ArmorName_10201003,ArmorName_10201003,,,Atlas/Equip_Armor/armor_2,,,,,,,,,Defence,35,,,,,,,10201003,,10201004,5,TRUE,,,,,,,,
10201004,Def_Arm_Magic_5,Defence,Armor,Magic,Armor,FALSE,4,ArmorName_10201004,ArmorName_10201004,,,Atlas/Equip_Armor/armor_3,,,,,,,,,Defence,45,,,,,,,10201004,,10201005,5,TRUE,,,,,,,,
10201005,Def_Arm_Magic_4,Defence,Armor,Magic,Armor,FALSE,5,ArmorName_10201005,ArmorName_10201005,,,Atlas/Equip_Armor/armor_4,,,,,,,,,Defence,55,,,,,,,10201005,,10201006,5,TRUE,,,,,,,,
10201006,Def_Arm_Magic_3,Defence,Armor,Magic,Armor,FALSE,6,ArmorName_10201006,ArmorName_10201006,,,Atlas/Equip_Armor/armor_5,,,,,,,,,Defence,65,,,,,,,10201006,,10201007,5,TRUE,,,,,,,,
10201007,Def_Arm_Magic_2,Defence,Armor,Magic,Armor,FALSE,7,ArmorName_10201007,ArmorName_10201007,,,Atlas/Equip_Armor/armor_6,,,,,,,,,Defence,75,,,,,,,10201007,,10201008,5,TRUE,,,,,,,,
10201008,Def_Arm_Magic_1,Defence,Armor,Magic,Armor,FALSE,8,ArmorName_10201008,ArmorName_10201008,,,Atlas/Equip_Armor/armor_7,,,,,,,,,Defence,85,,,,,,,10201008,,10202001,5,TRUE,,,,,,,,
10202001,Def_Arm_Rare_8,Defence,Armor,Rare,Armor,FALSE,9,ArmorName_10202001,ArmorName_10202001,,,Atlas/Equip_Armor/armor_8,,,,,,,,,Defence,290,,,,,,,10202001,,10202002,5,TRUE,,,,,,,,
10202002,Def_Arm_Rare_7,Defence,Armor,Rare,Armor,FALSE,10,ArmorName_10202002,ArmorName_10202002,,,Atlas/Equip_Armor/armor_9,,,,,,,,,Defence,305,,,,,,,10202002,,10202003,5,TRUE,,,,,,,,
10202003,Def_Arm_Rare_6,Defence,Armor,Rare,Armor,FALSE,11,ArmorName_10202003,ArmorName_10202003,,,Atlas/Equip_Armor/armor_10,,,,,,,,,Defence,320,,,,,,,10202003,,10202004,5,TRUE,,,,,,,,
10202004,Def_Arm_Rare_5,Defence,Armor,Rare,Armor,FALSE,12,ArmorName_10202004,ArmorName_10202004,,,Atlas/Equip_Armor/armor_11,,,,,,,,,Defence,335,,,,,,,10202004,,10202005,5,TRUE,,,,,,,,
10202005,Def_Arm_Rare_4,Defence,Armor,Rare,Armor,FALSE,13,ArmorName_10202005,ArmorName_10202005,,,Atlas/Equip_Armor/armor_12,,,,,,,,,Defence,350,,,,,,,10202005,,10202006,5,TRUE,,,,,,,,
10202006,Def_Arm_Rare_3,Defence,Armor,Rare,Armor,FALSE,14,ArmorName_10202006,ArmorName_10202006,,,Atlas/Equip_Armor/armor_13,,,,,,,,,Defence,365,,,,,,,10202006,,10202007,5,TRUE,,,,,,,,
10202007,Def_Arm_Rare_2,Defence,Armor,Rare,Armor,FALSE,15,ArmorName_10202007,ArmorName_10202007,,,Atlas/Equip_Armor/armor_14,,,,,,,,,Defence,380,,,,,,,10202007,,10202008,5,TRUE,,,,,,,,
10202008,Def_Arm_Rare_1,Defence,Armor,Rare,Armor,FALSE,16,ArmorName_10202008,ArmorName_10202008,,,Atlas/Equip_Armor/armor_15,,,,,,,,,Defence,395,,,,,,,10202008,,10203001,5,TRUE,,,,,,,,
10203001,Def_Arm_Hero_8,Defence,Armor,Hero,Armor,FALSE,17,ArmorName_10203001,ArmorName_10203001,,,Atlas/Equip_Armor/armor_16,,,,,,,,,Defence,1100,Def_Rate,0.004,,,,,10203001,,10203002,5,TRUE,,,,,,,,
10203002,Def_Arm_Hero_7,Defence,Armor,Hero,Armor,FALSE,18,ArmorName_10203002,ArmorName_10203002,,,Atlas/Equip_Armor/armor_17,,,,,,,,,Defence,1130,Def_Rate,0.054,,,,,10203002,,10203003,5,TRUE,,,,,,,,
10203003,Def_Arm_Hero_6,Defence,Armor,Hero,Armor,FALSE,19,ArmorName_10203003,ArmorName_10203003,,,Atlas/Equip_Armor/armor_18,,,,,,,,,Defence,1160,Def_Rate,0.104,,,,,10203003,,10203004,5,TRUE,,,,,,,,
10203004,Def_Arm_Hero_5,Defence,Armor,Hero,Armor,FALSE,20,ArmorName_10203004,ArmorName_10203004,,,Atlas/Equip_Armor/armor_19,,,,,,,,,Defence,1190,Def_Rate,0.154,,,,,10203004,,10203005,5,TRUE,,,,,,,,
10203005,Def_Arm_Hero_4,Defence,Armor,Hero,Armor,FALSE,21,ArmorName_10203005,ArmorName_10203005,,,Atlas/Equip_Armor/armor_20,,,,,,,,,Defence,1220,Def_Rate,0.204,,,,,10203005,,10203006,5,TRUE,,,,,,,,
10203006,Def_Arm_Hero_3,Defence,Armor,Hero,Armor,FALSE,22,ArmorName_10203006,ArmorName_10203006,,,Atlas/Equip_Armor/armor_21,,,,,,,,,Defence,1250,Def_Rate,0.254,,,,,10203006,,10203007,5,TRUE,,,,,,,,
10203007,Def_Arm_Hero_2,Defence,Armor,Hero,Armor,FALSE,23,ArmorName_10203007,ArmorName_10203007,,,Atlas/Equip_Armor/armor_22,,,,,,,,,Defence,1280,Def_Rate,0.304,,,,,10203007,,10203008,5,TRUE,,,,,,,,
10203008,Def_Arm_Hero_1,Defence,Armor,Hero,Armor,FALSE,24,ArmorName_10203008,ArmorName_10203008,,,Atlas/Equip_Armor/armor_23,,,,,,,,,Defence,1310,Def_Rate,0.354,,,,,10203008,,10204001,5,TRUE,,,,,,,,
10204001,Def_Arm_Legend_4,Defence,Armor,Legend,Armor,FALSE,25,ArmorName_10204001,ArmorName_10204001,,,Atlas/Equip_Armor/armor_24,,,,,,,,,Defence,3200,Def_Rate,0.35,,,,,10204001,,10204002,5,TRUE,,,,,,,,
10204002,Def_Arm_Legend_3,Defence,Armor,Legend,Armor,FALSE,26,ArmorName_10204002,ArmorName_10204002,,,Atlas/Equip_Armor/armor_25,,,,,,,,,Defence,3250,Def_Rate,0.45,,,,,10204002,,10204003,5,TRUE,,,,,,,,
10204003,Def_Arm_Legend_2,Defence,Armor,Legend,Armor,FALSE,27,ArmorName_10204003,ArmorName_10204003,,,Atlas/Equip_Armor/armor_26,,,,,,,,,Defence,3300,Def_Rate,0.55,,,,,10204003,,10204004,5,TRUE,,,,,,,,
10204004,Def_Arm_Legend_1,Defence,Armor,Legend,Armor,FALSE,28,ArmorName_10204004,ArmorName_10204004,,,Atlas/Equip_Armor/armor_27,,,,,,,,,Defence,3350,Def_Rate,0.65,,,,,10204004,,10205001,5,TRUE,,,,,,,,
10205001,Def_Arm_Ancient_4,Defence,Armor,Ancient,Armor,FALSE,29,ArmorName_10205001,ArmorName_10205001,,,Atlas/Equip_Armor/armor_28,,,,,,,,,Defence,7000,Def_Rate,0.65,,,,,10205001,,10205002,5,TRUE,,,,,,,,
10205002,Def_Arm_Ancient_3,Defence,Armor,Ancient,Armor,FALSE,30,ArmorName_10205002,ArmorName_10205002,,,Atlas/Equip_Armor/armor_29,,,,,,,,,Defence,7150,Def_Rate,0.8,,,,,10205002,,10205003,5,TRUE,,,,,,,,
10205003,Def_Arm_Ancient_2,Defence,Armor,Ancient,Armor,FALSE,31,ArmorName_10205003,ArmorName_10205003,,,Atlas/Equip_Armor/armor_30,,,,,,,,,Defence,7300,Def_Rate,0.95,,,,,10205003,,10205004,5,TRUE,,,,,,,,
10205004,Def_Arm_Ancient_1,Defence,Armor,Ancient,Armor,FALSE,32,ArmorName_10205004,ArmorName_10205004,,,Atlas/Equip_Armor/armor_31,,,,,,,,,Defence,7450,Def_Rate,1.1,,,,,10205004,,10206001,5,TRUE,,,,,,,,
10206001,Def_Arm_God_4,Defence,Armor,God,Armor,FALSE,33,ArmorName_10206001,ArmorName_10206001,,,Atlas/Equip_Armor/armor_32,,,,,,,,,Defence,15000,Def_Rate,1.1,,,,,10206001,,10206002,5,TRUE,10206001,,,,,,,
10206002,Def_Arm_God_3,Defence,Armor,God,Armor,FALSE,34,ArmorName_10206002,ArmorName_10206002,,,Atlas/Equip_Armor/armor_33,,,,,,,,,Defence,15500,Def_Rate,1.3,,,,,10206002,,10206003,5,TRUE,10206002,,,,,,,
10206003,Def_Arm_God_2,Defence,Armor,God,Armor,FALSE,35,ArmorName_10206003,ArmorName_10206003,,,Atlas/Equip_Armor/armor_34,,,,,,,,,Defence,16000,Def_Rate,1.5,,,,,10206003,,10206004,5,TRUE,10206003,,,,,,,
10206004,Def_Arm_God_1,Defence,Armor,God,Armor,FALSE,36,ArmorName_10206004,ArmorName_10206004,,,Atlas/Equip_Armor/armor_35,,,,,,,,,Defence,16500,Def_Rate,1.7,,,,,10206004,,,,TRUE,10206004,,,,,,,
10301001,Def_Shield_Magic_8,Defence,Shield,Magic,Shield,FALSE,1,GloveName_10301001,Shield_Name_10301001,,,Atlas/Equip_Shield/shield_0,,,,,,,,,Penetration,100,,,,,,,10301001,,10301001,5,TRUE,,,,,,,,
10301002,Def_Shield_Magic_7,Defence,Shield,Magic,Shield,FALSE,2,GloveName_10301002,Shield_Name_10301002,,,Atlas/Equip_Shield/shield_1,,,,,,,,,Penetration,150,,,,,,,10301002,,10301002,5,TRUE,,,,,,,,
10301003,Def_Shield_Magic_6,Defence,Shield,Magic,Shield,FALSE,3,GloveName_10301003,Shield_Name_10301003,,,Atlas/Equip_Shield/shield_2,,,,,,,,,Penetration,200,,,,,,,10301003,,10301003,5,TRUE,,,,,,,,
10301004,Def_Shield_Magic_5,Defence,Shield,Magic,Shield,FALSE,4,GloveName_10301004,Shield_Name_10301004,,,Atlas/Equip_Shield/shield_3,,,,,,,,,Penetration,250,,,,,,,10301004,,10301004,5,TRUE,,,,,,,,
10301005,Def_Shield_Magic_4,Defence,Shield,Magic,Shield,FALSE,5,GloveName_10301005,Shield_Name_10301005,,,Atlas/Equip_Shield/shield_4,,,,,,,,,Penetration,300,,,,,,,10301005,,10301005,5,TRUE,,,,,,,,
10301006,Def_Shield_Magic_3,Defence,Shield,Magic,Shield,FALSE,6,GloveName_10301006,Shield_Name_10301006,,,Atlas/Equip_Shield/shield_5,,,,,,,,,Penetration,350,,,,,,,10301006,,10301006,5,TRUE,,,,,,,,
10301007,Def_Shield_Magic_2,Defence,Shield,Magic,Shield,FALSE,7,GloveName_10301007,Shield_Name_10301007,,,Atlas/Equip_Shield/shield_6,,,,,,,,,Penetration,400,,,,,,,10301007,,10301007,5,TRUE,,,,,,,,
10301008,Def_Shield_Magic_1,Defence,Shield,Magic,Shield,FALSE,8,GloveName_10301008,Shield_Name_10301008,,,Atlas/Equip_Shield/shield_7,,,,,,,,,Penetration,450,,,,,,,10301008,,10301008,5,TRUE,,,,,,,,
10302001,Def_Shield_Rare_8,Defence,Shield,Rare,Shield,FALSE,9,GloveName_10302001,Shield_Name_10301009,,,Atlas/Equip_Shield/shield_8,,,,,,,,,Penetration,500,,,,,,,10302001,,10302001,5,TRUE,,,,,,,,
10302002,Def_Shield_Rare_7,Defence,Shield,Rare,Shield,FALSE,10,GloveName_10302002,Shield_Name_10301010,,,Atlas/Equip_Shield/shield_9,,,,,,,,,Penetration,600,,,,,,,10302002,,10302002,5,TRUE,,,,,,,,
10302003,Def_Shield_Rare_6,Defence,Shield,Rare,Shield,FALSE,11,GloveName_10302003,Shield_Name_10301011,,,Atlas/Equip_Shield/shield_10,,,,,,,,,Penetration,700,,,,,,,10302003,,10302003,5,TRUE,,,,,,,,
10302004,Def_Shield_Rare_5,Defence,Shield,Rare,Shield,FALSE,12,GloveName_10302004,Shield_Name_10301012,,,Atlas/Equip_Shield/shield_11,,,,,,,,,Penetration,800,,,,,,,10302004,,10302004,5,TRUE,,,,,,,,
10302005,Def_Shield_Rare_4,Defence,Shield,Rare,Shield,FALSE,13,GloveName_10302005,Shield_Name_10301013,,,Atlas/Equip_Shield/shield_12,,,,,,,,,Penetration,900,,,,,,,10302005,,10302005,5,TRUE,,,,,,,,
10302006,Def_Shield_Rare_3,Defence,Shield,Rare,Shield,FALSE,14,GloveName_10302006,Shield_Name_10301014,,,Atlas/Equip_Shield/shield_13,,,,,,,,,Penetration,1000,,,,,,,10302006,,10302006,5,TRUE,,,,,,,,
10302007,Def_Shield_Rare_2,Defence,Shield,Rare,Shield,FALSE,15,GloveName_10302007,Shield_Name_10301015,,,Atlas/Equip_Shield/shield_14,,,,,,,,,Penetration,1100,,,,,,,10302007,,10302007,5,TRUE,,,,,,,,
10302008,Def_Shield_Rare_1,Defence,Shield,Rare,Shield,FALSE,16,GloveName_10302008,Shield_Name_10301016,,,Atlas/Equip_Shield/shield_15,,,,,,,,,Penetration,1200,,,,,,,10302008,,10302008,5,TRUE,,,,,,,,
10303001,Def_Shield_Hero_8,Defence,Shield,Hero,Shield,FALSE,17,GloveName_10303001,Shield_Name_10301017,,,Atlas/Equip_Shield/shield_16,,,,,,,,,Penetration,2450,,,,,,,10303001,,10303001,5,TRUE,,,,,,,,
10303002,Def_Shield_Hero_7,Defence,Shield,Hero,Shield,FALSE,18,GloveName_10303002,Shield_Name_10301018,,,Atlas/Equip_Shield/shield_17,,,,,,,,,Penetration,2600,,,,,,,10303002,,10303002,5,TRUE,,,,,,,,
10303003,Def_Shield_Hero_6,Defence,Shield,Hero,Shield,FALSE,19,GloveName_10303003,Shield_Name_10301019,,,Atlas/Equip_Shield/shield_18,,,,,,,,,Penetration,2750,,,,,,,10303003,,10303003,5,TRUE,,,,,,,,
10303004,Def_Shield_Hero_5,Defence,Shield,Hero,Shield,FALSE,20,GloveName_10303004,Shield_Name_10301020,,,Atlas/Equip_Shield/shield_19,,,,,,,,,Penetration,2900,,,,,,,10303004,,10303004,5,TRUE,,,,,,,,
10303005,Def_Shield_Hero_4,Defence,Shield,Hero,Shield,FALSE,21,GloveName_10303005,Shield_Name_10301021,,,Atlas/Equip_Shield/shield_20,,,,,,,,,Penetration,3050,,,,,,,10303005,,10303005,5,TRUE,,,,,,,,
10303006,Def_Shield_Hero_3,Defence,Shield,Hero,Shield,FALSE,22,GloveName_10303006,Shield_Name_10301022,,,Atlas/Equip_Shield/shield_21,,,,,,,,,Penetration,3200,,,,,,,10303006,,10303006,5,TRUE,,,,,,,,
10303007,Def_Shield_Hero_2,Defence,Shield,Hero,Shield,FALSE,23,GloveName_10303007,Shield_Name_10301023,,,Atlas/Equip_Shield/shield_22,,,,,,,,,Penetration,3350,,,,,,,10303007,,10303007,5,TRUE,,,,,,,,
10303008,Def_Shield_Hero_1,Defence,Shield,Hero,Shield,FALSE,24,GloveName_10303008,Shield_Name_10301024,,,Atlas/Equip_Shield/shield_23,,,,,,,,,Penetration,3500,,,,,,,10303008,,10303008,5,TRUE,,,,,,,,
10304001,Def_Shield_Legend_4,Defence,Shield,Legend,Shield,FALSE,25,GloveName_10304001,Shield_Name_10301025,,,Atlas/Equip_Shield/shield_24,,,,,,,,,Penetration,4100,,,,,,,10304001,,10304001,5,TRUE,,,,,,,,
10304002,Def_Shield_Legend_3,Defence,Shield,Legend,Shield,FALSE,26,GloveName_10304002,Shield_Name_10301026,,,Atlas/Equip_Shield/shield_25,,,,,,,,,Penetration,4400,,,,,,,10304002,,10304002,5,TRUE,,,,,,,,
10304003,Def_Shield_Legend_2,Defence,Shield,Legend,Shield,FALSE,27,GloveName_10304003,Shield_Name_10301027,,,Atlas/Equip_Shield/shield_26,,,,,,,,,Penetration,4700,,,,,,,10304003,,10304003,5,TRUE,,,,,,,,
10304004,Def_Shield_Legend_1,Defence,Shield,Legend,Shield,FALSE,28,GloveName_10304004,Shield_Name_10301028,,,Atlas/Equip_Shield/shield_27,,,,,,,,,Penetration,5000,,,,,,,10304004,,10304004,5,TRUE,,,,,,,,
10305001,Def_Shield_Ancient_4,Defence,Shield,Ancient,Shield,FALSE,29,GloveName_10305001,Shield_Name_10301029,,,Atlas/Equip_Shield/shield_28,,,,,,,,,Penetration,6500,,,,,,,10305001,,10305001,5,TRUE,,,,,,,,
10305002,Def_Shield_Ancient_3,Defence,Shield,Ancient,Shield,FALSE,30,GloveName_10305002,Shield_Name_10301030,,,Atlas/Equip_Shield/shield_29,,,,,,,,,Penetration,7000,,,,,,,10305002,,10305002,5,TRUE,,,,,,,,
10305003,Def_Shield_Ancient_2,Defence,Shield,Ancient,Shield,FALSE,31,GloveName_10305003,Shield_Name_10301031,,,Atlas/Equip_Shield/shield_30,,,,,,,,,Penetration,7500,,,,,,,10305003,,10305003,5,TRUE,,,,,,,,
10305004,Def_Shield_Ancient_1,Defence,Shield,Ancient,Shield,FALSE,32,GloveName_10305004,Shield_Name_10301032,,,Atlas/Equip_Shield/shield_31,,,,,,,,,Penetration,8000,,,,,,,10305004,,10305004,5,TRUE,,,,,,,,
10306001,Def_Shield_God_4,Defence,Shield,God,Shield,FALSE,33,GloveName_10306001,Shield_Name_10301033,,,Atlas/Equip_Shield/shield_32,,,,,,,,,Penetration,8500,,,,,,,10306001,,10306001,5,TRUE,10306001,,,,,,,
10306002,Def_Shield_God_3,Defence,Shield,God,Shield,FALSE,34,GloveName_10306002,Shield_Name_10301034,,,Atlas/Equip_Shield/shield_33,,,,,,,,,Penetration,9000,,,,,,,10306002,,10306002,5,TRUE,10306002,,,,,,,
10306003,Def_Shield_God_2,Defence,Shield,God,Shield,FALSE,35,GloveName_10306003,Shield_Name_10301035,,,Atlas/Equip_Shield/shield_34,,,,,,,,,Penetration,9500,,,,,,,10306003,,10306003,5,TRUE,10306003,,,,,,,
10306004,Def_Shield_God_1,Defence,Shield,God,Shield,FALSE,36,GloveName_10306004,Shield_Name_10301036,,,Atlas/Equip_Shield/shield_35,,,,,,,,,Penetration,10000,,,,,,,10306004,,,,TRUE,10306004,,,,,,,
10401001,Def_Hel_Magic_8,Defence,Helmet,Magic,Helmet,FALSE,1,HelmetName_10401001,HelmetName_10401001,,,Atlas/Equip_Helmet/helmet_0,,,,,,,,,MaxHP,50,,,,,,,10401001,,10401001,5,TRUE,,,,,,,,
10401002,Def_Hel_Magic_7,Defence,Helmet,Magic,Helmet,FALSE,2,HelmetName_10401002,HelmetName_10401002,,,Atlas/Equip_Helmet/helmet_1,,,,,,,,,MaxHP,65,,,,,,,10401002,,10401002,5,TRUE,,,,,,,,
10401003,Def_Hel_Magic_6,Defence,Helmet,Magic,Helmet,FALSE,3,HelmetName_10401003,HelmetName_10401003,,,Atlas/Equip_Helmet/helmet_2,,,,,,,,,MaxHP,80,,,,,,,10401003,,10401003,5,TRUE,,,,,,,,
10401004,Def_Hel_Magic_5,Defence,Helmet,Magic,Helmet,FALSE,4,HelmetName_10401004,HelmetName_10401004,,,Atlas/Equip_Helmet/helmet_3,,,,,,,,,MaxHP,95,,,,,,,10401004,,10401004,5,TRUE,,,,,,,,
10401005,Def_Hel_Magic_4,Defence,Helmet,Magic,Helmet,FALSE,5,HelmetName_10401005,HelmetName_10401005,,,Atlas/Equip_Helmet/helmet_4,,,,,,,,,MaxHP,110,,,,,,,10401005,,10401005,5,TRUE,,,,,,,,
10401006,Def_Hel_Magic_3,Defence,Helmet,Magic,Helmet,FALSE,6,HelmetName_10401006,HelmetName_10401006,,,Atlas/Equip_Helmet/helmet_5,,,,,,,,,MaxHP,125,,,,,,,10401006,,10401006,5,TRUE,,,,,,,,
10401007,Def_Hel_Magic_2,Defence,Helmet,Magic,Helmet,FALSE,7,HelmetName_10401007,HelmetName_10401007,,,Atlas/Equip_Helmet/helmet_6,,,,,,,,,MaxHP,140,,,,,,,10401007,,10401007,5,TRUE,,,,,,,,
10401008,Def_Hel_Magic_1,Defence,Helmet,Magic,Helmet,FALSE,8,HelmetName_10401008,HelmetName_10401008,,,Atlas/Equip_Helmet/helmet_7,,,,,,,,,MaxHP,155,,,,,,,10401008,,10401008,5,TRUE,,,,,,,,
10402001,Def_Hel_Rare_8,Defence,Helmet,Rare,Helmet,FALSE,9,HelmetName_10402001,HelmetName_10402001,,,Atlas/Equip_Helmet/helmet_8,,,,,,,,,MaxHP,200,,,,,,,10402001,,10402001,5,TRUE,,,,,,,,
10402002,Def_Hel_Rare_7,Defence,Helmet,Rare,Helmet,FALSE,10,HelmetName_10402002,HelmetName_10402002,,,Atlas/Equip_Helmet/helmet_9,,,,,,,,,MaxHP,230,,,,,,,10402002,,10402002,5,TRUE,,,,,,,,
10402003,Def_Hel_Rare_6,Defence,Helmet,Rare,Helmet,FALSE,11,HelmetName_10402003,HelmetName_10402003,,,Atlas/Equip_Helmet/helmet_10,,,,,,,,,MaxHP,260,,,,,,,10402003,,10402003,5,TRUE,,,,,,,,
10402004,Def_Hel_Rare_5,Defence,Helmet,Rare,Helmet,FALSE,12,HelmetName_10402004,HelmetName_10402004,,,Atlas/Equip_Helmet/helmet_11,,,,,,,,,MaxHP,290,,,,,,,10402004,,10402004,5,TRUE,,,,,,,,
10402005,Def_Hel_Rare_4,Defence,Helmet,Rare,Helmet,FALSE,13,HelmetName_10402005,HelmetName_10402005,,,Atlas/Equip_Helmet/helmet_12,,,,,,,,,MaxHP,320,,,,,,,10402005,,10402005,5,TRUE,,,,,,,,
10402006,Def_Hel_Rare_3,Defence,Helmet,Rare,Helmet,FALSE,14,HelmetName_10402006,HelmetName_10402006,,,Atlas/Equip_Helmet/helmet_13,,,,,,,,,MaxHP,350,,,,,,,10402006,,10402006,5,TRUE,,,,,,,,
10402007,Def_Hel_Rare_2,Defence,Helmet,Rare,Helmet,FALSE,15,HelmetName_10402007,HelmetName_10402007,,,Atlas/Equip_Helmet/helmet_14,,,,,,,,,MaxHP,380,,,,,,,10402007,,10402007,5,TRUE,,,,,,,,
10402008,Def_Hel_Rare_1,Defence,Helmet,Rare,Helmet,FALSE,16,HelmetName_10402008,HelmetName_10402008,,,Atlas/Equip_Helmet/helmet_15,,,,,,,,,MaxHP,410,,,,,,,10402008,,10402008,5,TRUE,,,,,,,,
10403001,Def_Hel_Hero_8,Defence,Helmet,Hero,Helmet,FALSE,17,HelmetName_10403001,HelmetName_10403001,,,Atlas/Equip_Helmet/helmet_16,,,,,,,,,MaxHP,650,HP_Rate,0.004,,,,,10403001,,10403001,5,TRUE,,,,,,,,
10403002,Def_Hel_Hero_7,Defence,Helmet,Hero,Helmet,FALSE,18,HelmetName_10403002,HelmetName_10403002,,,Atlas/Equip_Helmet/helmet_17,,,,,,,,,MaxHP,690,HP_Rate,0.054,,,,,10403002,,10403002,5,TRUE,,,,,,,,
10403003,Def_Hel_Hero_6,Defence,Helmet,Hero,Helmet,FALSE,19,HelmetName_10403003,HelmetName_10403003,,,Atlas/Equip_Helmet/helmet_18,,,,,,,,,MaxHP,730,HP_Rate,0.104,,,,,10403003,,10403003,5,TRUE,,,,,,,,
10403004,Def_Hel_Hero_5,Defence,Helmet,Hero,Helmet,FALSE,20,HelmetName_10403004,HelmetName_10403004,,,Atlas/Equip_Helmet/helmet_19,,,,,,,,,MaxHP,770,HP_Rate,0.154,,,,,10403004,,10403004,5,TRUE,,,,,,,,
10403005,Def_Hel_Hero_4,Defence,Helmet,Hero,Helmet,FALSE,21,HelmetName_10403005,HelmetName_10403005,,,Atlas/Equip_Helmet/helmet_20,,,,,,,,,MaxHP,810,HP_Rate,0.204,,,,,10403005,,10403005,5,TRUE,,,,,,,,
10403006,Def_Hel_Hero_3,Defence,Helmet,Hero,Helmet,FALSE,22,HelmetName_10403006,HelmetName_10403006,,,Atlas/Equip_Helmet/helmet_21,,,,,,,,,MaxHP,850,HP_Rate,0.254,,,,,10403006,,10403006,5,TRUE,,,,,,,,
10403007,Def_Hel_Hero_2,Defence,Helmet,Hero,Helmet,FALSE,23,HelmetName_10403007,HelmetName_10403007,,,Atlas/Equip_Helmet/helmet_22,,,,,,,,,MaxHP,890,HP_Rate,0.304,,,,,10403007,,10403007,5,TRUE,,,,,,,,
10403008,Def_Hel_Hero_1,Defence,Helmet,Hero,Helmet,FALSE,24,HelmetName_10403008,HelmetName_10403008,,,Atlas/Equip_Helmet/helmet_23,,,,,,,,,MaxHP,930,HP_Rate,0.354,,,,,10403008,,10403008,5,TRUE,,,,,,,,
10404001,Def_Hel_Legend_4,Defence,Helmet,Legend,Helmet,FALSE,25,HelmetName_10404001,HelmetName_10404001,,,Atlas/Equip_Helmet/helmet_24,,,,,,,,,MaxHP,2800,HP_Rate,0.35,,,,,10404001,,10404001,5,TRUE,,,,,,,,
10404002,Def_Hel_Legend_3,Defence,Helmet,Legend,Helmet,FALSE,26,HelmetName_10404002,HelmetName_10404002,,,Atlas/Equip_Helmet/helmet_25,,,,,,,,,MaxHP,2860,HP_Rate,0.45,,,,,10404002,,10404002,5,TRUE,,,,,,,,
10404003,Def_Hel_Legend_2,Defence,Helmet,Legend,Helmet,FALSE,27,HelmetName_10404003,HelmetName_10404003,,,Atlas/Equip_Helmet/helmet_26,,,,,,,,,MaxHP,2920,HP_Rate,0.55,,,,,10404003,,10404003,5,TRUE,,,,,,,,
10404004,Def_Hel_Legend_1,Defence,Helmet,Legend,Helmet,FALSE,28,HelmetName_10404004,HelmetName_10404004,,,Atlas/Equip_Helmet/helmet_27,,,,,,,,,MaxHP,2980,HP_Rate,0.65,,,,,10404004,,10404004,5,TRUE,,,,,,,,
10405001,Def_Hel_Ancient_4,Defence,Helmet,Ancient,Helmet,FALSE,29,HelmetName_10405001,HelmetName_10405001,,,Atlas/Equip_Helmet/helmet_28,,,,,,,,,MaxHP,6500,HP_Rate,0.65,,,,,10405001,,10405001,5,TRUE,,,,,,,,
10405002,Def_Hel_Ancient_3,Defence,Helmet,Ancient,Helmet,FALSE,30,HelmetName_10405002,HelmetName_10405002,,,Atlas/Equip_Helmet/helmet_29,,,,,,,,,MaxHP,6600,HP_Rate,0.8,,,,,10405002,,10405002,5,TRUE,,,,,,,,
10405003,Def_Hel_Ancient_2,Defence,Helmet,Ancient,Helmet,FALSE,31,HelmetName_10405003,HelmetName_10405003,,,Atlas/Equip_Helmet/helmet_30,,,,,,,,,MaxHP,6700,HP_Rate,0.95,,,,,10405003,,10405003,5,TRUE,,,,,,,,
10405004,Def_Hel_Ancient_1,Defence,Helmet,Ancient,Helmet,FALSE,32,HelmetName_10405004,HelmetName_10405004,,,Atlas/Equip_Helmet/helmet_31,,,,,,,,,MaxHP,6800,HP_Rate,1.1,,,,,10405004,,10405004,5,TRUE,,,,,,,,
10406001,Def_Hel_God_4,Defence,Helmet,God,Helmet,FALSE,33,HelmetName_10406001,HelmetName_10406001,,,Atlas/Equip_Helmet/helmet_32,,,,,,,,,MaxHP,56800,HP_Rate,1.1,,,,,10406001,,10406001,5,TRUE,10406001,,,,,,,
10406002,Def_Hel_God_3,Defence,Helmet,God,Helmet,FALSE,34,HelmetName_10406002,HelmetName_10406002,,,Atlas/Equip_Helmet/helmet_33,,,,,,,,,MaxHP,57300,HP_Rate,1.3,,,,,10406002,,10406002,5,TRUE,10406002,,,,,,,
10406003,Def_Hel_God_2,Defence,Helmet,God,Helmet,FALSE,35,HelmetName_10406003,HelmetName_10406003,,,Atlas/Equip_Helmet/helmet_34,,,,,,,,,MaxHP,57800,HP_Rate,1.5,,,,,10406003,,10406003,5,TRUE,10406003,,,,,,,
10406004,Def_Hel_God_1,Defence,Helmet,God,Helmet,FALSE,36,HelmetName_10406004,HelmetName_10406004,,,Atlas/Equip_Helmet/helmet_35,,,,,,,,,MaxHP,58300,HP_Rate,1.7,,,,,10406004,,,,TRUE,10406004,,,,,,,
;코스튬,,,,,,,,,,,,,,,,,,,,,,,,,,,,,,,,,,,,,,,,,
20001001,Shop_Costume,Costume,Costume,Magic,Costume,FALSE,1,Shop_Costume_1,Shop_Costume_Desc_1,30070,,,Option_Attack_Rate,0.15,,,,,,,,,,,,,,,,,,,,,,,,,,,
20001002,Shop_Costume,Costume,Costume,Magic,Costume,FALSE,2,Shop_Costume_2,Shop_Costume_Desc_2,30071,,,Option_Attack_Rate,0.15,,,,,,,,,,,,,,,,,,,,,,,,,,,
20001003,Shop_Costume,Costume,Costume,Rare,Costume,FALSE,3,Shop_Costume_3,Shop_Costume_Desc_3,30072,,,Option_Attack_Rate,0.15,,,,,,,,,,,,,,,,,,,,,,,,,,,
20001004,Shop_Costume,Costume,Costume,Rare,Costume,FALSE,4,Shop_Costume_4,Shop_Costume_Desc_4,30073,,,Option_Attack_Rate,0.15,,,,,,,,,,,,,,,,,,,,,,,,,,,
20001005,Shop_Costume,Costume,Costume,Hero,Costume,FALSE,5,Shop_Costume_5,Shop_Costume_Desc_5,30070,,,Option_Attack_Rate,0.15,,,,,,,,,,,,,,,,,,,,,,,,,,,
20001006,Shop_Costume,Costume,Costume,Legend,Costume,FALSE,6,Shop_Costume_6,Shop_Costume_Desc_6,30071,,,Option_Attack_Rate,0.15,,,,,,,,,,,,,,,,,,,,,,,,,,,
20001007,Shop_Costume,Costume,Costume,Ancient,Costume,FALSE,7,Shop_Costume_7,Shop_Costume_Desc_7,30072,,,Option_Attack_Rate,0.15,,,,,,,,,,,,,,,,,,,,,,,,,,,
20001008,Shop_Costume,Costume,Costume,God,Costume,FALSE,8,Shop_Costume_8,Shop_Costume_Desc_8,30073,,,Option_Attack_Rate,0.15,,,,,,,,,,,,,,,,,,,,,,,,,,,
20001009,Upgrade_Costume,Costume,Costume,Magic,Costume,FALSE,9,Upgrade_Costume_1,Upgrade_Costume_Desc_1,30070,,,,,,,,,,,,,,,,,,,,,,,,,,,,,,,
20001010,Upgrade_Costume,Costume,Costume,Magic,Costume,FALSE,10,Upgrade_Costume_2,Upgrade_Costume_Desc_2,30071,,,,,,,,,,,,,,,,,,,,,,,,,,,,,,,
20001011,Upgrade_Costume,Costume,Costume,Rare,Costume,FALSE,11,Upgrade_Costume_3,Upgrade_Costume_Desc_3,30072,,,,,,,,,,,,,,,,,,,,,,,,,,,,,,,
20001012,Upgrade_Costume,Costume,Costume,Rare,Costume,FALSE,12,Upgrade_Costume_4,Upgrade_Costume_Desc_4,30073,,,,,,,,,,,,,,,,,,,,,,,,,,,,,,,
20001013,Upgrade_Costume,Costume,Costume,Hero,Costume,FALSE,13,Upgrade_Costume_1,Upgrade_Costume_Desc_1,30070,,,,,,,,,,,,,,,,,,,,,,,,,,,,,,,
20001014,Upgrade_Costume,Costume,Costume,Hero,Costume,FALSE,14,Upgrade_Costume_2,Upgrade_Costume_Desc_2,30071,,,,,,,,,,,,,,,,,,,,,,,,,,,,,,,
20001015,Upgrade_Costume,Costume,Costume,Legend,Costume,FALSE,15,Upgrade_Costume_3,Upgrade_Costume_Desc_3,30072,,,,,,,,,,,,,,,,,,,,,,,,,,,,,,,
20001016,Upgrade_Costume,Costume,Costume,Legend,Costume,FALSE,16,Upgrade_Costume_4,Upgrade_Costume_Desc_4,30073,,,,,,,,,,,,,,,,,,,,,,,,,,,,,,,
20001017,Upgrade_Costume,Costume,Costume,Ancient,Costume,FALSE,17,Upgrade_Costume_1,Upgrade_Costume_Desc_1,30070,,,,,,,,,,,,,,,,,,,,,,,,,,,,,,,
20001018,Upgrade_Costume,Costume,Costume,Ancient,Costume,FALSE,18,Upgrade_Costume_2,Upgrade_Costume_Desc_2,30071,,,,,,,,,,,,,,,,,,,,,,,,,,,,,,,
20001019,Upgrade_Costume,Costume,Costume,God,Costume,FALSE,19,Upgrade_Costume_3,Upgrade_Costume_Desc_3,30072,,,,,,,,,,,,,,,,,,,,,,,,,,,,,,,
20001020,Upgrade_Costume,Costume,Costume,God,Costume,FALSE,20,Upgrade_Costume_4,Upgrade_Costume_Desc_4,30073,,,,,,,,,,,,,,,,,,,,,,,,,,,,,,,
;UpgradeSkin,,,,,,,,,,,,,,,,,,,,,,,,,,,,,,,,,,,,,,,,,
20002001,Upgrade_Costume,Costume,Skin,Magic,Skin,FALSE,1,Upgrade_Costume_1,Upgrade_Costume_Desc_1,30070,,,,,,,,,,,DamageCoefficient,0.5,,,,,,,,,,,,,500001,,,,,,
20002002,Upgrade_Costume,Costume,Skin,Magic,Skin,FALSE,2,Upgrade_Costume_2,Upgrade_Costume_Desc_2,30071,,,,,,,,,,,DamageCoefficient,0.8,,,,,,,,,,,,,500002,,,,,,
20002003,Upgrade_Costume,Costume,Skin,Rare,Skin,FALSE,3,Upgrade_Costume_3,Upgrade_Costume_Desc_3,30072,,,,,,,,,,,DamageCoefficient,1.1,,,,,,,,,,,,,500003,,,,,,
20002004,Upgrade_Costume,Costume,Skin,Rare,Skin,FALSE,4,Upgrade_Costume_4,Upgrade_Costume_Desc_4,30073,,,,,,,,,,,DamageCoefficient,1.2,,,,,,,,,,,,,500004,,,,,,
20002005,Upgrade_Costume,Costume,Skin,Hero,Skin,FALSE,5,Upgrade_Costume_1,Upgrade_Costume_Desc_1,30070,,,,,,,,,,,DamageCoefficient,1.5,,,,,,,,,,,,,500004,,,,,,
20002006,Upgrade_Costume,Costume,Skin,Hero,Skin,FALSE,6,Upgrade_Costume_2,Upgrade_Costume_Desc_2,30071,,,,,,,,,,,DamageCoefficient,1.8,,,,,,,,,,,,,500004,,,,,,
20002007,Upgrade_Costume,Costume,Skin,Legend,Skin,FALSE,7,Upgrade_Costume_3,Upgrade_Costume_Desc_3,30072,,,,,,,,,,,DamageCoefficient,2,,,,,,,,,,,,,500004,,,,,,
20002008,Upgrade_Costume,Costume,Skin,Legend,Skin,FALSE,8,Upgrade_Costume_4,Upgrade_Costume_Desc_4,30073,,,,,,,,,,,DamageCoefficient,2.2,,,,,,,,,,,,,500004,,,,,,
20002009,Upgrade_Costume,Costume,Skin,Ancient,Skin,FALSE,9,Upgrade_Costume_1,Upgrade_Costume_Desc_1,30070,,,,,,,,,,,DamageCoefficient,2.4,,,,,,,,,,,,,500004,,,,,,
20002010,Upgrade_Costume,Costume,Skin,Ancient,Skin,FALSE,10,Upgrade_Costume_2,Upgrade_Costume_Desc_2,30071,,,,,,,,,,,DamageCoefficient,2.6,,,,,,,,,,,,,500004,,,,,,
20002011,Upgrade_Costume,Costume,Skin,God,Skin,FALSE,11,Upgrade_Costume_3,Upgrade_Costume_Desc_3,30072,,,,,,,,,,,DamageCoefficient,2.8,,,,,,,,,,,,,500004,,,,,,
20002012,Upgrade_Costume,Costume,Skin,God,Skin,FALSE,12,Upgrade_Costume_4,Upgrade_Costume_Desc_4,30073,,,,,,,,,,,DamageCoefficient,3,,,,,,,,,,,,,500004,,,,,,
;기사,,,,,,,,,,,,,,,,,,,,,,,,,,,,,,,,,,,,,,,,,
10001,보병,Knight,Knight,Magic,,FALSE,1,Knight_Name_001,HelmetName_10407004,30047,2000001,,,,,,,,,,Damage,50,DamageCoefficient,0.1,,,,,,10001,,,,,,,,,,,
10002,보병,Knight,Knight,Magic,,FALSE,2,Knight_Name_002,HelmetName_10407004,30044,2000003,,,,,,,,,,Damage,50,DamageCoefficient,0.1,,,,,,10002,,,,,,,,,,,
10003,기사,Knight,Knight,Magic,,FALSE,3,Knight_Name_001,HelmetName_10407004,30048,2000002,,,,,,,,,,Damage,100,DamageCoefficient,0.1,,,,,,10003,,,,,,,,,,,
10004,기사,Knight,Knight,Magic,,FALSE,4,Knight_Name_002,HelmetName_10407004,30049,2000006,,,,,,,,,,Damage,100,DamageCoefficient,0.1,,,,,,10004,,,,,,,,,,,
10005,보병,Knight,Knight,Rare,,FALSE,5,Knight_Name_003,HelmetName_10407004,30045,2000004,,,,,,,,,,Damage,300,DamageCoefficient,0.15,,,,,,10005,,,,,,,,,,,
10006,보병,Knight,Knight,Rare,,FALSE,6,Knight_Name_004,HelmetName_10407004,30046,2000005,,,,,,,,,,Damage,300,DamageCoefficient,0.15,,,,,,10006,,,,,,,,,,,
10007,기사,Knight,Knight,Rare,,FALSE,7,Knight_Name_003,HelmetName_10407004,30050,2000007,,,,,,,,,,Damage,800,DamageCoefficient,0.3,,,,,,10007,,,,,,,,,,,
10008,기사,Knight,Knight,Rare,,FALSE,8,Knight_Name_004,HelmetName_10407004,30051,2000008,,,,,,,,,,Damage,800,DamageCoefficient,0.3,,,,,,10008,,,,,,,,,,,
10009,보병,Knight,Knight,Hero,,FALSE,9,Knight_Name_005,HelmetName_10407004,30060,2000017,,,,,,,,,,Damage,700,DamageCoefficient,0.2,,,,,,10009,,,,,,,,,,,
10010,보병,Knight,Knight,Hero,,FALSE,10,Knight_Name_006,HelmetName_10407004,30061,2000018,,,,,,,,,,Damage,700,DamageCoefficient,0.2,,,,,,10010,,,,,,,,,,,
10011,기사,Knight,Knight,Hero,,FALSE,11,Knight_Name_005,HelmetName_10407004,30052,2000009,,,,,,,,,,Damage,1500,DamageCoefficient,0.5,,,,,,10011,,,,,,,,,,,
10012,기사,Knight,Knight,Hero,,FALSE,12,Knight_Name_006,HelmetName_10407004,30053,2000010,,,,,,,,,,Damage,1500,DamageCoefficient,0.5,,,,,,10012,,,,,,,,,,,
10013,보병,Knight,Knight,Legend,,FALSE,13,Knight_Name_001,HelmetName_10407004,30062,2000019,,,,,,,,,,Damage,1500,DamageCoefficient,0.35,Accuracy,2000,,,,10013,,,,,,,,,,,
10014,보병,Knight,Knight,Legend,,FALSE,14,Knight_Name_002,HelmetName_10407004,30063,2000020,,,,,,,,,,Damage,1500,DamageCoefficient,0.35,HP_Rate,0.1,,,,10014,,,,,,,,,,,
10015,기사,Knight,Knight,Legend,,FALSE,15,Knight_Name_001,HelmetName_10407004,30054,2000011,,,,,,,,,,Damage,3500,DamageCoefficient,0.65,Accuracy,4000,,,,10015,,,,,,,,,,,
10016,기사,Knight,Knight,Legend,,FALSE,16,Knight_Name_002,HelmetName_10407004,30055,2000012,,,,,,,,,,Damage,3500,DamageCoefficient,0.65,Damage_Rate,0.15,,,,10016,,,,,,,,,,,
10017,보병,Knight,Knight,Ancient,,FALSE,17,Knight_Name_003,HelmetName_10407004,30064,2000021,,,,,,,,,,Damage,2300,DamageCoefficient,0.5,Accuracy,4000,,,,10017,,,,,,,,,,,
10018,보병,Knight,Knight,Ancient,,FALSE,18,Knight_Name_004,HelmetName_10407004,30065,2000022,,,,,,,,,,Damage,2300,DamageCoefficient,0.5,Critical_Rate_1,0.1,,,,10018,,,,,,,,,,,
10019,기사,Knight,Knight,Ancient,,FALSE,19,Knight_Name_003,HelmetName_10407004,30056,2000013,,,,,,,,,,Damage,5000,DamageCoefficient,0.8,Accuracy,7000,,,,10019,,,,,,,,,,,
10020,기사,Knight,Knight,Ancient,,FALSE,20,Knight_Name_004,HelmetName_10407004,30057,2000014,,,,,,,,,,Damage,5000,DamageCoefficient,0.8,Critical_Damage_1,0.2,,,,10020,,,,,,,,,,,
10021,보병,Knight,Knight,God,,FALSE,21,Knight_Name_005,HelmetName_10407004,30067,2000023,,,,,,,,,,Damage,5500,DamageCoefficient,0.7,Accuracy,6000,,,,10021,,,,,,,,,,,
10022,보병,Knight,Knight,God,,FALSE,22,Knight_Name_006,HelmetName_10407004,30069,2000024,,,,,,,,,,Damage,5500,DamageCoefficient,0.7,Critical_Rate_2,0.1,,,,10022,,,,,,,,,,,
10023,기사,Knight,Knight,God,,FALSE,23,Knight_Name_005,HelmetName_10407004,30058,2000015,,,,,,,,,,Damage,7500,DamageCoefficient,1,Accuracy,10000,,,,10023,,,,,,,,,,,
10024,기사,Knight,Knight,God,,FALSE,24,Knight_Name_006,HelmetName_10407004,30049,2000006,,,,,,,,,,Damage,7500,DamageCoefficient,1,Critical_Damage_2,0.3,,,,10024,,,,,,,,,,,
;말,,,,,,,,,,,,,,,,,,,,,,,,,,,,,,,,,,,,,,,,,
30001,말,Horse,Horse,Magic,,FALSE,,Ride_Name_001,HelmetName_10407004,,3000001,,,,,,,,,,Damage,35,DamageCoefficient,0.05,,,,,,30001,,,,40001,,,,,,,
30002,말,Horse,Horse,Magic,,FALSE,,Ride_Name_002,HelmetName_10407004,,3000002,,,,,,,,,,Damage,35,DamageCoefficient,0.05,,,,,,30002,,,,40002,,,,,,,
30003,말,Horse,Horse,Rare,,FALSE,,Ride_Name_003,HelmetName_10407004,,3000003,,,,,,,,,,Damage,250,DamageCoefficient,0.08,,,,,,30003,,,,40003,,,,,,,
30004,말,Horse,Horse,Rare,,FALSE,,Ride_Name_004,HelmetName_10407004,,3000004,,,,,,,,,,Damage,250,DamageCoefficient,0.08,,,,,,30004,,,,40004,,,,,,,
30005,말,Horse,Horse,Hero,,FALSE,,Ride_Name_001,HelmetName_10407004,,3000001,,,,,,,,,,Damage,500,DamageCoefficient,0.1,,,,,,30005,,,,40001,,,,,,,
30006,말,Horse,Horse,Hero,,FALSE,,Ride_Name_002,HelmetName_10407004,,3000002,,,,,,,,,,Damage,500,DamageCoefficient,0.1,,,,,,30006,,,,40002,,,,,,,
30007,말,Horse,Horse,Legend,,FALSE,,Ride_Name_003,HelmetName_10407004,,3000003,,,,,,,,,,Damage,1000,DamageCoefficient,0.15,Accuracy,1000,,,,30007,,,,40003,,,,,,,
30008,말,Horse,Horse,Legend,,FALSE,,Ride_Name_004,HelmetName_10407004,,3000004,,,,,,,,,,Damage,1000,DamageCoefficient,0.15,Def_Rate,0.1,,,,30008,,,,40004,,,,,,,
30009,말,Horse,Horse,Ancient,,FALSE,,Ride_Name_001,HelmetName_10407004,,3000001,,,,,,,,,,Damage,1700,DamageCoefficient,0.2,Accuracy,2000,,,,30009,,,,40001,,,,,,,
30010,말,Horse,Horse,Ancient,,FALSE,,Ride_Name_002,HelmetName_10407004,,3000002,,,,,,,,,,Damage,1700,DamageCoefficient,0.2,Critical_Damage_1,0.2,,,,30010,,,,40002,,,,,,,
30011,말,Horse,Horse,God,,FALSE,,Ride_Name_003,HelmetName_10407004,,3000003,,,,,,,,,,Damage,4500,DamageCoefficient,0.25,Accuracy,3000,,,,30011,,,,40003,,,,,,,
30012,말,Horse,Horse,God,,FALSE,,Ride_Name_004,HelmetName_10407004,,3000004,,,,,,,,,,Damage,4500,DamageCoefficient,0.25,Critical_Damage_2,0.2,,,,30012,,,,40004,,,,,,,
;인첸트 재료,,,,,,,,,,,,,,,,,,,,,,,,,,,,,,,,,,,,,,,,,
5000001,기사병 재료,Consumables,Knight_Seal,Magic,,FALSE,,Knight_Seal,,,,Atlas/Common/Icon_ImageIcon_Badge_Best,,,,,,,,,,,,,,,,,,,,,,,,,,,,,
5000002,기사병 재료,Consumables,Knight_Seal,Rare,,FALSE,,Knight_Seal,,,,Atlas/Common/Icon_ImageIcon_Badge_Best,,,,,,,,,,,,,,,,,,,,,,,,,,,,,
5000003,기사병 재료,Consumables,Knight_Seal,Hero,,FALSE,,Knight_Seal,,,,Atlas/Common/Icon_ImageIcon_Badge_Popular,,,,,,,,,,,,,,,,,,,,,,,,,,,,,
5000004,기사병 재료,Consumables,Knight_Seal,Legend,,FALSE,,Knight_Seal,,,,Atlas/Common/Icon_ImageIcon_Badge_Popular,,,,,,,,,,,,,,,,,,,,,,,,,,,,,
5000005,기사병 재료,Consumables,Knight_Seal,Ancient,,FALSE,,Knight_Seal,,,,Atlas/Common/Icon_Horsesheos,,,,,,,,,,,,,,,,,,,,,,,,,,,,,
5000006,기사병 재료,Consumables,Knight_Seal,God,,FALSE,,Knight_Seal,,,,Atlas/Common/Icon_Horsesheos,,,,,,,,,,,,,,,,,,,,,,,,,,,,,
;소모품,,,,,,,,,,,,,,,,,,,,,,,,,,,,,,,,,,,,,,,,,
2000001,소모품1,Consumables,Consumables,Magic,,TRUE,,,,,,Atlas/Common/Icon_Chest,,,,,,,,,,,,,,,,,,,,,TRUE,,,TRUE,20000001,,,,
;기사도 아이템,,,,,,,,,,,,,,,,,,,,,,,,,,,,,,,,,,,,,,,,,
3001001,,Chivalry,Chivalry,Magic,,,,Honor,,,,Atlas/Chivalry/img_Icon_Honor,Damage_Rate,0,,,,,,,,,,,,,,,,,,,TRUE,,,,,30101001,BlueDia,300,
3001002,,Chivalry,Chivalry,Magic,,,,Loyalty,,,,Atlas/Chivalry/img_Icon_Loyalty,Def_Rate,0,,,,,,,,,,,,,,,,,,,TRUE,,,,,30106002,BlueDia,300,
3001003,,Chivalry,Chivalry,Magic,,,,Courage,,,,Atlas/Chivalry/img_Icon_Courage,HP_Rate,0,,,,,,,,,,,,,,,,,,,TRUE,,,,,30102001,BlueDia,300,
3001004,,Chivalry,Chivalry,Rare,,,,Justice,,,,Atlas/Chivalry/img_Icon_Justice,Accuracy,0,,,,,,,,,,,,,,,,,,,TRUE,,,,,30104001,BlueDia,300,
3001005,,Chivalry,Chivalry,Rare,,,,Courtesy,,,,Atlas/Chivalry/img_Icon_Courtesy,Penetration,0,,,,,,,,,,,,,,,,,,,TRUE,,,,,30105001,BlueDia,300,
3001006,,Chivalry,Chivalry,Rare,,,,Integrity,,,,Atlas/Chivalry/img_Icon_Integrity,Stage_Exp_Up,0,,,,,,,,,,,,,,,,,,,TRUE,,,,,30101002,BlueDia,300,
3001007,,Chivalry,Chivalry,Hero,,,,Faith,,,,Atlas/Chivalry/img_Icon_Faith,Stage_Gold_Up,0,,,,,,,,,,,,,,,,,,,TRUE,,,,,30102002,BlueDia,300,
3001008,,Chivalry,Chivalry,Hero,,,,Mercy,,,,Atlas/Chivalry/img_Icon_Mercy,AttackSpeed,0,,,,,,,,,,,,,,,,,,,TRUE,,,,,30103001,BlueDia,300,
3001009,,Chivalry,Chivalry,Legend,,,,Sacrifice,,,,Atlas/Chivalry/img_Icon_Sacrifice,MoveSpeed,0,,,,,,,,,,,,,,,,,,,TRUE,,,,,30103002,BlueDia,300,
3001010,,Chivalry,Chivalry,Ancient,,,,Humility,,,,Atlas/Chivalry/img_Icon_Humility,Critical_Rate_1,0,,,,,,,,,,,,,,,,,,,TRUE,,,,,30104002,BlueDia,300,
3001011,,Chivalry,Chivalry,God,,,,Temperance,,,,Atlas/Chivalry/img_Icon_Temperance,Critical_Damage_1,0,,,,,,,,,,,,,,,,,,,TRUE,,,,,30105002,BlueDia,300,
;,,,,,,,,,,,,,,,,,,,,,,,,,,,,,,,,,,,,,,,,,
6000001,스킬북 재료,Etc,SkillBook,Magic,,,,SkillName_001,,,,Atlas/Skill/Icon_SkillBook_WindCircle,,,,,,,,,,,,,,,,,,,,,,,,,,,,,
6000002,,Etc,SkillBook,Magic,,,,SkillName_002,,,,Atlas/Skill/Icon_SkillBook_BlinkStrike,,,,,,,,,,,,,,,,,,,,,,,,,,,,,
6000003,,Etc,SkillBook,Magic,,,,SkillName_003,,,,Atlas/Skill/Icon_SkillBook_ElectricFront,,,,,,,,,,,,,,,,,,,,,,,,,,,,,
6000004,,Etc,SkillBook,Magic,,,,SkillName_004,,,,Atlas/Skill/Icon_SkillBook_PiercingLance,,,,,,,,,,,,,,,,,,,,,,,,,,,,,
6000005,,Etc,SkillBook,Magic,,,,SkillName_005,,,,Atlas/Skill/Icon_SkillBook_StormSerpent,,,,,,,,,,,,,,,,,,,,,,,,,,,,,
6000006,,Etc,SkillBook,Magic,,,,SkillName_006,,,,Atlas/Skill/Icon_SkillBook_ShadowSpark,,,,,,,,,,,,,,,,,,,,,,,,,,,,,
6000007,,Etc,SkillBook,Magic,,,,SkillName_007,,,,Atlas/Skill/Icon_SkillBook_RedStorm,,,,,,,,,,,,,,,,,,,,,,,,,,,,,
6000008,,Etc,SkillBook,Magic,,,,SkillName_008,,,,Atlas/Skill/Icon_SkillBook_Tornado,,,,,,,,,,,,,,,,,,,,,,,,,,,,,
6000009,,Etc,SkillBook,Magic,,,,SkillName_009,,,,Atlas/Skill/Icon_SkillBook_BladeStorm,,,,,,,,,,,,,,,,,,,,,,,,,,,,,
6000010,,Etc,SkillBook,Magic,,,,SkillName_010,,,,Atlas/Skill/Icon_SkillBook_DancingBlades,,,,,,,,,,,,,,,,,,,,,,,,,,,,,
6000011,,Etc,SkillBook,Magic,,,,SkillName_011,,,,Atlas/Skill/Icon_SkillBook_GiantSmash,,,,,,,,,,,,,,,,,,,,,,,,,,,,,
6000012,,Etc,SkillBook,Magic,,,,SkillName_012,,,,Atlas/Skill/Icon_SkillBook_RedLightning,,,,,,,,,,,,,,,,,,,,,,,,,,,,,
